{"cameraMode":{"drawMode":0,"name":"Shaded","section":"Shading Mode"},"sceneLighting":false,"audioPlay":false,"sceneViewState":{"showFog":true,"showMaterialUpdate":false,"showSkybox":true,"showFlares":true,"showImageEffects":true,"showParticleSystems":true},"in2DMode":false,"pivot":{"x":37.77414321899414,"y":1.5382884740829468,"z":11.867753028869629},"rotation":{"x":-0.17337962985038758,"y":-0.024143202230334283,"z":0.004240154288709164,"w":-0.9845499992370606},"size":5.133729934692383,"orthographic":false}